param_id,category,quantity,group,test,target,age_min,age_max,value,dist,alpha,beta,lower,upper,units,source,status,notes
inc_avg_20_24,incidence,incidence,average,,,20,24,1.4,fixed,,,,,per 100000 person-years,"SEER*Explorer, CRC age-specific incidence, all races/both sexes (approx. 2017-2021)",VERIFY,Placeholder approximation; replace with exact SEER rates for the chosen years
inc_avg_25_29,incidence,incidence,average,,,25,29,3.3,fixed,,,,,per 100000 person-years,"SEER*Explorer, CRC age-specific incidence, all races/both sexes (approx. 2017-2021)",VERIFY,Placeholder approximation
inc_avg_30_34,incidence,incidence,average,,,30,34,6.6,fixed,,,,,per 100000 person-years,"SEER*Explorer, CRC age-specific incidence, all races/both sexes (approx. 2017-2021)",VERIFY,Placeholder approximation
inc_avg_35_39,incidence,incidence,average,,,35,39,11.6,fixed,,,,,per 100000 person-years,"SEER*Explorer, CRC age-specific incidence, all races/both sexes (approx. 2017-2021)",VERIFY,Placeholder approximation
inc_avg_40_44,incidence,incidence,average,,,40,44,19.5,fixed,,,,,per 100000 person-years,"SEER*Explorer, CRC age-specific incidence, all races/both sexes (approx. 2017-2021)",VERIFY,Placeholder approximation
inc_avg_45_49,incidence,incidence,average,,,45,49,34,fixed,,,,,per 100000 person-years,"SEER*Explorer, CRC age-specific incidence, all races/both sexes (approx. 2017-2021)",VERIFY,Placeholder approximation; note 45-49 rates may include a screening-uptake bump after 2021
inc_avg_50_54,incidence,incidence,average,,,50,54,56,fixed,,,,,per 100000 person-years,"SEER*Explorer, CRC age-specific incidence, all races/both sexes (approx. 2017-2021)",VERIFY,Placeholder approximation; 50-54 includes prevalent cancers found at first screening
inc_avg_55_59,incidence,incidence,average,,,55,59,69,fixed,,,,,per 100000 person-years,"SEER*Explorer, CRC age-specific incidence, all races/both sexes (approx. 2017-2021)",VERIFY,Placeholder approximation
inc_avg_60_64,incidence,incidence,average,,,60,64,83,fixed,,,,,per 100000 person-years,"SEER*Explorer, CRC age-specific incidence, all races/both sexes (approx. 2017-2021)",VERIFY,Placeholder approximation
inc_avg_65_69,incidence,incidence,average,,,65,69,104,fixed,,,,,per 100000 person-years,"SEER*Explorer, CRC age-specific incidence, all races/both sexes (approx. 2017-2021)",VERIFY,Placeholder approximation
inc_avg_70_74,incidence,incidence,average,,,70,74,133,fixed,,,,,per 100000 person-years,"SEER*Explorer, CRC age-specific incidence, all races/both sexes (approx. 2017-2021)",VERIFY,Placeholder approximation
inc_avg_75_79,incidence,incidence,average,,,75,79,170,fixed,,,,,per 100000 person-years,"SEER*Explorer, CRC age-specific incidence, all races/both sexes (approx. 2017-2021)",VERIFY,Placeholder approximation
inc_avg_80_84,incidence,incidence,average,,,80,84,225,fixed,,,,,per 100000 person-years,"SEER*Explorer, CRC age-specific incidence, all races/both sexes (approx. 2017-2021)",VERIFY,Placeholder approximation
prev_aa_avg_20_29,prevalence,aa_prevalence,average,,,20,29,0.005,fixed,,,,,proportion,Colonoscopy cohort studies in young adults (e.g. studies of average-risk 18-49 y colonoscopies); USPSTF 2021 evidence review,VERIFY,Advanced adenoma point prevalence; very sparse data under 40
prev_aa_avg_30_39,prevalence,aa_prevalence,average,,,30,39,0.012,fixed,,,,,proportion,Colonoscopy cohort studies in young adults; USPSTF 2021 evidence review,VERIFY,Advanced adenoma point prevalence
prev_aa_avg_40_44,prevalence,aa_prevalence,average,,,40,44,0.025,fixed,,,,,proportion,Colonoscopy cohort studies ages 40-49; USPSTF 2021 evidence review,VERIFY,Advanced adenoma point prevalence
prev_aa_avg_45_49,prevalence,aa_prevalence,average,,,45,49,0.035,fixed,,,,,proportion,Colonoscopy cohort studies ages 40-49; Imperiale et al. 2021 (mt-sDNA ages 45-49),VERIFY,Advanced adenoma point prevalence
prev_aa_avg_50_54,prevalence,aa_prevalence,average,,,50,54,0.045,fixed,,,,,proportion,Imperiale et al. NEJM 2014 (DeeP-C); screening colonoscopy cohorts,VERIFY,Advanced precancerous lesion point prevalence
prev_aa_avg_55_59,prevalence,aa_prevalence,average,,,55,59,0.055,fixed,,,,,proportion,Imperiale et al. NEJM 2014 (DeeP-C); screening colonoscopy cohorts,VERIFY,Advanced precancerous lesion point prevalence
prev_aa_avg_60_64,prevalence,aa_prevalence,average,,,60,64,0.065,fixed,,,,,proportion,Imperiale et al. NEJM 2014 (DeeP-C); screening colonoscopy cohorts,VERIFY,Advanced precancerous lesion point prevalence
prev_aa_avg_65_69,prevalence,aa_prevalence,average,,,65,69,0.075,fixed,,,,,proportion,Imperiale et al. NEJM 2014 (DeeP-C); screening colonoscopy cohorts,VERIFY,Advanced precancerous lesion point prevalence
prev_aa_avg_70_74,prevalence,aa_prevalence,average,,,70,74,0.085,fixed,,,,,proportion,Imperiale et al. NEJM 2014 (DeeP-C); screening colonoscopy cohorts,VERIFY,Advanced precancerous lesion point prevalence
prev_aa_avg_75_85,prevalence,aa_prevalence,average,,,75,85,0.09,fixed,,,,,proportion,Screening colonoscopy cohorts,VERIFY,Advanced precancerous lesion point prevalence
sojourn_crc,model,sojourn_years,,,,,,4,lognormal,,,2,6,years,Modeling literature on preclinical (screen-detectable) CRC sojourn time (e.g. CISNET/MISCAN-Colon),VERIFY,Prevalence of undiagnosed screen-detectable CRC = annual incidence x mean sojourn time; calibration check: DeeP-C (ages 50-84) found CRC in 0.65% of participants
prev_cv_crc,model,prevalence_cv,,,,,,0.3,fixed,,,,,coefficient of variation,Teaching assumption,VERIFY,Width of the Beta prior on CRC prevalence in the uncertainty simulation; stands in for uncertainty in incidence x sojourn x relative risk
prev_cv_aa,model,prevalence_cv,,,,,,0.25,fixed,,,,,coefficient of variation,Teaching assumption,VERIFY,Width of the Beta prior on advanced adenoma prevalence in the uncertainty simulation
lynch_onset_age,model,onset_age,lynch,,,,,15,fixed,,,,,years,Modeling assumption,VERIFY,Age at which Lynch CRC hazard starts rising in the Weibull penetrance model
rr_fdr_dx_lt50,relative_risk,rr_crc,fdr,,,0,49,3.55,lognormal,,,2.3,5.5,relative risk,Butterworth et al. Eur J Cancer 2006 meta-analysis; Wong et al. Gastroenterology 2018,VERIFY,"One first-degree relative diagnosed before 50. For FDR rows, age_min/age_max are the RELATIVE's age at diagnosis"
rr_fdr_dx_50_59,relative_risk,rr_crc,fdr,,,50,59,2.25,lognormal,,,1.85,2.72,relative risk,Butterworth et al. Eur J Cancer 2006 meta-analysis,VERIFY,One first-degree relative diagnosed at 50-59
rr_fdr_dx_60plus,relative_risk,rr_crc,fdr,,,60,120,1.82,lognormal,,,1.47,2.25,relative risk,Butterworth et al. Eur J Cancer 2006 meta-analysis,VERIFY,One first-degree relative diagnosed at 60 or older
rr_prs_top10,relative_risk,rr_crc,prs_top10,,,,,2,lognormal,,,1.7,2.3,relative risk,Thomas et al. Am J Hum Genet 2020; Archambault et al. Gastroenterology 2020 (CRC polygenic risk scores),VERIFY,Top decile vs population average; RR vs middle quintile is larger; check which comparator you want
rr_obesity,relative_risk,rr_crc,obesity,,,,,1.3,lognormal,,,1.2,1.4,relative risk,WCRF/AICR Continuous Update Project; Ma et al. PLoS One 2013,VERIFY,BMI >= 30 vs normal weight; stronger in men
rr_alcohol,relative_risk,rr_crc,alcohol,,,,,1.5,lognormal,,,1.3,1.7,relative risk,Fedirko et al. Ann Oncol 2011; WCRF/AICR CUP,VERIFY,Heavy drinking (>= 50 g ethanol/day) vs none/occasional
rr_processed_meat,relative_risk,rr_crc,processed_meat,,,,,1.18,lognormal,,,1.1,1.28,relative risk,IARC Monograph 114 (2018); WCRF/AICR CUP,VERIFY,Per 50 g/day processed meat
rr_low_fiber,relative_risk,rr_crc,low_fiber,,,,,1.2,lognormal,,,1.1,1.3,relative risk,Aune et al. BMJ 2011; Reynolds et al. Lancet 2019,VERIFY,Lowest vs highest fiber intake category (approximation from per-10 g/day dose-response)
rr_aa_fdr,relative_risk,rr_aa,fdr,,,,,1.7,lognormal,,,1.4,2.1,relative risk,Colonoscopy studies of FDRs of CRC cases (e.g. Ng et al. 2013; Quintero et al. 2016),VERIFY,Advanced adenoma prevalence multiplier for FDR group
rr_aa_prs_top10,relative_risk,rr_aa,prs_top10,,,,,1.5,lognormal,,,1.2,1.8,relative risk,PRS and advanced adenoma studies,VERIFY,Advanced adenoma prevalence multiplier for top-decile PRS
rr_aa_lynch,relative_risk,rr_aa,lynch,,,,,3,lognormal,,,1.5,6,relative risk,Lynch surveillance cohort data (e.g. Engel et al. 2018; Møller et al. 2017),VERIFY,Advanced adenoma prevalence multiplier for Lynch carriers (all genes); adenomas progress faster in Lynch
pen_MLH1_50,penetrance,cum_risk,lynch_MLH1,,,20,50,0.15,fixed,,,,,cumulative risk,Prospective Lynch Syndrome Database (PLSD; Dominguez-Valentin et al. Genet Med 2020; plsd.eu),VERIFY,Cumulative CRC incidence to age 50 in carriers under colonoscopy surveillance
pen_MLH1_75,penetrance,cum_risk,lynch_MLH1,,,20,75,0.46,fixed,,,,,cumulative risk,Prospective Lynch Syndrome Database (PLSD; Dominguez-Valentin et al. Genet Med 2020; plsd.eu),VERIFY,Cumulative CRC incidence to age 75 in carriers under surveillance
pen_MSH2_50,penetrance,cum_risk,lynch_MSH2,,,20,50,0.1,fixed,,,,,cumulative risk,Prospective Lynch Syndrome Database (PLSD; Dominguez-Valentin et al. Genet Med 2020; plsd.eu),VERIFY,Cumulative CRC incidence to age 50
pen_MSH2_75,penetrance,cum_risk,lynch_MSH2,,,20,75,0.35,fixed,,,,,cumulative risk,Prospective Lynch Syndrome Database (PLSD; Dominguez-Valentin et al. Genet Med 2020; plsd.eu),VERIFY,Cumulative CRC incidence to age 75
pen_MSH6_50,penetrance,cum_risk,lynch_MSH6,,,20,50,0.03,fixed,,,,,cumulative risk,Prospective Lynch Syndrome Database (PLSD; Dominguez-Valentin et al. Genet Med 2020; plsd.eu),VERIFY,Cumulative CRC incidence to age 50
pen_MSH6_75,penetrance,cum_risk,lynch_MSH6,,,20,75,0.2,fixed,,,,,cumulative risk,Prospective Lynch Syndrome Database (PLSD; Dominguez-Valentin et al. Genet Med 2020; plsd.eu),VERIFY,Cumulative CRC incidence to age 75
pen_PMS2_50,penetrance,cum_risk,lynch_PMS2,,,20,50,0.01,fixed,,,,,cumulative risk,Prospective Lynch Syndrome Database (PLSD; Dominguez-Valentin et al. Genet Med 2020; plsd.eu),VERIFY,Cumulative CRC incidence to age 50
pen_PMS2_75,penetrance,cum_risk,lynch_PMS2,,,20,75,0.1,fixed,,,,,cumulative risk,Prospective Lynch Syndrome Database (PLSD; Dominguez-Valentin et al. Genet Med 2020; plsd.eu),VERIFY,Cumulative CRC incidence to age 75; some estimates are lower (~3-5%)
prev_lynch_any,genetics,carrier_prevalence,lynch,,,,,0.00358,beta,358.5,99642.5,,,proportion,Win et al. Cancer Epidemiol Biomarkers Prev 2017 (~1 in 279),VERIFY,Population prevalence of a pathogenic MMR variant; for Tab 3
prev_lynch_MLH1,genetics,carrier_prevalence,lynch_MLH1,,,,,0.000514,fixed,,,,,proportion,Win et al. Cancer Epidemiol Biomarkers Prev 2017 (~1 in 1946),VERIFY,For Tab 3
prev_lynch_MSH2,genetics,carrier_prevalence,lynch_MSH2,,,,,0.000352,fixed,,,,,proportion,Win et al. Cancer Epidemiol Biomarkers Prev 2017 (~1 in 2841),VERIFY,For Tab 3
prev_lynch_MSH6,genetics,carrier_prevalence,lynch_MSH6,,,,,0.00132,fixed,,,,,proportion,Win et al. Cancer Epidemiol Biomarkers Prev 2017 (~1 in 758),VERIFY,For Tab 3
prev_lynch_PMS2,genetics,carrier_prevalence,lynch_PMS2,,,,,0.0014,fixed,,,,,proportion,Win et al. Cancer Epidemiol Biomarkers Prev 2017 (~1 in 714),VERIFY,For Tab 3
acc_cologuard_sens_crc,test_accuracy,sens_crc,,cologuard,any,,,0.923,beta,60.5,5.5,,,proportion,Imperiale et al. NEJM 2014 (DeeP-C); 60/65 cancers,VERIFY,Original multitarget stool DNA test; ages 50-84; Beta = Jeffreys (x+0.5; n-x+0.5)
acc_cologuard_sens_aa,test_accuracy,sens_aa,,cologuard,any,,,0.424,beta,321.5,436.5,,,proportion,Imperiale et al. NEJM 2014 (DeeP-C); 321/757 advanced precancerous lesions,VERIFY,
acc_cologuard_spec,test_accuracy,spec,,cologuard,any,,,0.866,beta,7939.5,1228.5,,,proportion,Imperiale et al. NEJM 2014 (DeeP-C),VERIFY,"Specificity among participants without advanced neoplasia (includes non-advanced polyps); n approx 9167; specificity is higher in younger adults (Imperiale 2021, ages 45-49) and lower in older adults"
acc_cologuard_plus_sens_crc,test_accuracy,sens_crc,,cologuard_plus,any,,,0.939,beta,92.5,6.5,,,proportion,Imperiale et al. NEJM 2024 (BLUE-C); 92/98 cancers,VERIFY,Next-generation mt-sDNA (Cologuard Plus); ages 40+
acc_cologuard_plus_sens_aa,test_accuracy,sens_aa,,cologuard_plus,any,,,0.434,beta,930.5,1214.5,,,proportion,Imperiale et al. NEJM 2024 (BLUE-C),VERIFY,Advanced precancerous lesions; COUNTS APPROXIMATE - check denominators
acc_cologuard_plus_spec,test_accuracy,spec,,cologuard_plus,any,,,0.906,beta,16308.5,1692.5,,,proportion,Imperiale et al. NEJM 2024 (BLUE-C),VERIFY,Specificity for advanced neoplasia; COUNTS APPROXIMATE - check denominators
acc_fit_sens_crc,test_accuracy,sens_crc,,fit,any,,,0.738,beta,48.5,17.5,,,proportion,Imperiale et al. NEJM 2014 (FIT comparator arm); 48/65 cancers,VERIFY,"Single FIT (OC FIT-CHEK, 100 ng/mL cut-off); pooled FIT estimates vary by brand/cut-off (Imperiale Ann Intern Med 2019 meta-analysis)"
acc_fit_sens_aa,test_accuracy,sens_aa,,fit,any,,,0.238,beta,180.5,577.5,,,proportion,Imperiale et al. NEJM 2014 (FIT comparator arm); 180/757,VERIFY,
acc_fit_spec,test_accuracy,spec,,fit,any,,,0.949,beta,8700.5,467.5,,,proportion,Imperiale et al. NEJM 2014 (FIT comparator arm),VERIFY,Specificity among participants without advanced neoplasia
acc_shield_sens_crc,test_accuracy,sens_crc,,shield,any,,,0.831,beta,54.5,11.5,,,proportion,Chung et al. NEJM 2024 (ECLIPSE); 54/65 cancers,VERIFY,Blood-based cfDNA test (Guardant Shield); ages 45-84
acc_shield_sens_aa,test_accuracy,sens_aa,,shield,any,,,0.132,beta,147.5,969.5,,,proportion,Chung et al. NEJM 2024 (ECLIPSE),VERIFY,Advanced precancerous lesions; COUNTS APPROXIMATE - check denominators
acc_shield_spec,test_accuracy,spec,,shield,any,,,0.896,beta,5985.5,695.5,,,proportion,Chung et al. NEJM 2024 (ECLIPSE),VERIFY,Specificity for advanced neoplasia; COUNTS APPROXIMATE - check denominators
acc_colonoscopy_sens_crc,test_accuracy,sens_crc,,colonoscopy,any,,,0.95,beta,95,5,,,proportion,Colonoscopy miss-rate literature (e.g. Zhao et al. Gastroenterology 2019 tandem-colonoscopy meta-analysis); USPSTF 2021 evidence review,VERIFY,Placeholder; post-colonoscopy CRC and miss rates of roughly 2-6% are reported
acc_colonoscopy_sens_aa,test_accuracy,sens_aa,,colonoscopy,any,,,0.88,beta,88,12,,,proportion,Tandem colonoscopy meta-analyses (e.g. Zhao et al. Gastroenterology 2019),VERIFY,Placeholder; advanced adenoma miss rate about 10%
acc_colonoscopy_spec_crc,test_accuracy,spec,,colonoscopy,crc,,,0.9999,beta,9999,1,,,proportion,Modeling assumption,VERIFY,"Colonoscopy with biopsy treated as near-definitive for cancer: histology almost never calls a non-cancer 'cancer'"
acc_colonoscopy_pos_aa_crc,test_accuracy,pos_aa_crc_target,,colonoscopy,crc,,,0.001,beta,1,999,,,proportion,Modeling assumption,VERIFY,Probability histology calls an advanced adenoma 'cancer' (only used when the target is cancer only)
acc_colonoscopy_spec_crc_aa,test_accuracy,spec,,colonoscopy,crc_aa,,,0.98,beta,980,20,,,proportion,Modeling assumption,VERIFY,Probability a person with no advanced neoplasia is NOT labeled as having advanced neoplasia after histology
harm_perforation,harm,rate_per_10000,,colonoscopy,,,,3.1,lognormal,,,2.3,4,per 10000 colonoscopies,Lin et al. JAMA 2021 (USPSTF evidence review),VERIFY,Higher after polypectomy and in older adults
harm_major_bleed,harm,rate_per_10000,,colonoscopy,,,,14.6,lognormal,,,12.7,16.7,per 10000 colonoscopies,Lin et al. JAMA 2021 (USPSTF evidence review),VERIFY,Major bleeding requiring hospitalization or transfusion
lr_rectal_bleeding,symptom,likelihood_ratio,rectal_bleeding,,,,,5.1,lognormal,,,4,6.5,likelihood ratio,Fritz et al. J Natl Cancer Inst 2023 (red-flag signs for early-onset CRC),VERIFY,Case-control odds ratio used as an approximate likelihood ratio; CI placeholder
lr_ida,symptom,likelihood_ratio,ida,,,,,2.1,lognormal,,,1.6,2.8,likelihood ratio,Fritz et al. J Natl Cancer Inst 2023 (red-flag signs for early-onset CRC),VERIFY,Iron-deficiency anemia; association is much stronger in older adults (e.g. Hamilton primary-care PPV studies); CI placeholder
guide_avg_start,guideline,start_age,average,,,,,45,fixed,,,,,years,USPSTF 2021; ACS 2018,VERIFY,Reference age for 'risk-equivalent age'
guide_fdr_start,guideline,start_age,fdr,,,,,40,fixed,,,,,years,US Multi-Society Task Force 2017; ACS,VERIFY,"Start at 40 or 10 years before the youngest affected relative's diagnosis, whichever is earlier"
guide_fdr_years_before,guideline,years_before_dx,fdr,,,,,10,fixed,,,,,years,US Multi-Society Task Force 2017; ACS,VERIFY,
guide_lynch_MLH1_start,guideline,start_age,lynch_MLH1,,,,,20,fixed,,,,,years,NCCN Genetic/Familial High-Risk Assessment: Colorectal; USMSTF 2022 Lynch guidance,VERIFY,Colonoscopy every 1-2 years from 20-25
guide_lynch_MSH2_start,guideline,start_age,lynch_MSH2,,,,,20,fixed,,,,,years,NCCN; USMSTF 2022,VERIFY,Colonoscopy every 1-2 years from 20-25
guide_lynch_MSH6_start,guideline,start_age,lynch_MSH6,,,,,30,fixed,,,,,years,NCCN; USMSTF 2022,VERIFY,Colonoscopy from 30-35
guide_lynch_PMS2_start,guideline,start_age,lynch_PMS2,,,,,30,fixed,,,,,years,NCCN; USMSTF 2022,VERIFY,Colonoscopy from 30-35
